{
    "nodes": {
        "0": {
            "x": 3.71031746031746,
            "y": 4.88095238095238
        },
        "1": {
            "x": 5.09920634920635,
            "y": 5.119047619047619
        },
        "2": {
            "x": 3.531746031746031,
            "y": 2.4404761904761902
        },
        "3": {
            "x": 3.869047619047619,
            "y": 6.607142857142856
        },
        "4": {
            "x": 0.03968253968253954,
            "y": 9.70238095238095
        },
        "5": {
            "x": 6.448412698412698,
            "y": 6.944444444444443
        },
        "6": {
            "x": 5.654761904761905,
            "y": 3.452380952380952
        },
        "7": {
            "x": 6.7857142857142865,
            "y": 5.059523809523808
        },
        "8": {
            "x": 7.301587301587302,
            "y": 5.436507936507937
        },
        "9": {
            "x": 7.341269841269842,
            "y": 4.523809523809524
        },
        "10": {
            "x": 7.55952380952381,
            "y": 5.019841269841269
        },
        "11": {
            "x": 2.9960317460317456,
            "y": 9.821428571428571
        },
        "12": {
            "x": 4.186507936507937,
            "y": 9.98015873015873
        },
        "14": {
            "x": 2.8373015873015874,
            "y": 2.0833333333333335
        },
        "15": {
            "x": 3.531746031746031,
            "y": 2.0634920634920637
        },
        "16": {
            "x": 4.087301587301587,
            "y": 1.9841269841269837
        },
        "17": {
            "x": 5.932539682539682,
            "y": 2.8373015873015874
        },
        "19": {
            "x": 5.396825396825397,
            "y": 2.876984126984127
        },
        "20": {
            "x": 6.111111111111111,
            "y": 3.273809523809524
        },
        "21": {
            "x": 6.2103174603174605,
            "y": 7.40079365079365
        },
        "22": {
            "x": 6.865079365079366,
            "y": 7.460317460317459
        },
        "23": {
            "x": 6.9642857142857135,
            "y": 6.904761904761903
        },
        "24": {
            "x": 3.4920634920634916,
            "y": 7.162698412698411
        },
        "25": {
            "x": 3.3333333333333326,
            "y": 6.6269841269841265
        },
        "26": {
            "x": 3.3333333333333326,
            "y": 6.170634920634919
        },
        "27": {
            "x": 6.5476190476190474,
            "y": 5.972222222222221
        },
        "28": {
            "x": 5.833333333333334,
            "y": 4.742063492063492
        },
        "29": {
            "x": 6.25,
            "y": 4.146825396825395
        },
        "30": {
            "x": 5.8730158730158735,
            "y": 5.773809523809524
        }
    },
    "edges": [
        {
            "u": 0,
            "v": 1,
            "length": 1.4091492781400567
        },
        {
            "u": 0,
            "v": 2,
            "length": 2.4470005703683877
        },
        {
            "u": 0,
            "v": 3,
            "length": 1.7334730523954518
        },
        {
            "u": 0,
            "v": 4,
            "length": 6.059681030382068
        },
        {
            "u": 1,
            "v": 5,
            "length": 2.269896769218267
        },
        {
            "u": 1,
            "v": 6,
            "length": 1.756820922315766
        },
        {
            "u": 1,
            "v": 7,
            "length": 1.6875580297591208
        },
        {
            "u": 7,
            "v": 8,
            "length": 0.6389381820676443
        },
        {
            "u": 7,
            "v": 9,
            "length": 0.7717718388403454
        },
        {
            "u": 7,
            "v": 10,
            "length": 0.7748263567367711
        },
        {
            "u": 1,
            "v": 11,
            "length": 5.151284309058649
        },
        {
            "u": 1,
            "v": 12,
            "length": 4.9460509123046945
        },
        {
            "u": 2,
            "v": 14,
            "length": 0.780899549768032
        },
        {
            "u": 2,
            "v": 15,
            "length": 0.37698412698412653
        },
        {
            "u": 2,
            "v": 16,
            "length": 0.7189551957140257
        },
        {
            "u": 6,
            "v": 17,
            "length": 0.6748948949085289
        },
        {
            "u": 6,
            "v": 19,
            "length": 0.6305654199234404
        },
        {
            "u": 6,
            "v": 20,
            "length": 0.4900432156836685
        },
        {
            "u": 5,
            "v": 21,
            "length": 0.5147270544076532
        },
        {
            "u": 5,
            "v": 22,
            "length": 0.6631259907566833
        },
        {
            "u": 5,
            "v": 23,
            "length": 0.5173970162859244
        },
        {
            "u": 3,
            "v": 24,
            "length": 0.6713858855431997
        },
        {
            "u": 3,
            "v": 25,
            "length": 0.5360815907185046
        },
        {
            "u": 3,
            "v": 26,
            "length": 0.6910347129868261
        },
        {
            "u": 7,
            "v": 27,
            "length": 0.9432432003178349
        },
        {
            "u": 7,
            "v": 28,
            "length": 1.0038976698947235
        },
        {
            "u": 7,
            "v": 29,
            "length": 1.0583043931027456
        },
        {
            "u": 7,
            "v": 30,
            "length": 1.1589747513103368
        }
    ]
}