{"file_spec":1.1,"file_creator":"oriedita","vertices_coords":[[-147.7592250072517,147.7592250072517],[-73.87961250362585,147.7592250072517],[-178.36116248912245,147.7592250072517],[-163.06019374818703,132.45825626631637],[-200.0,200.0],[-147.7592250072517,73.87961250362582],[-126.12038749637419,95.5184500145034],[-200.0,95.5184500145034],[-199.99999999999994,-52.24077499274827],[-200.0,73.87961250362582],[-36.93980625181291,110.81941875543879],[-52.24077499274827,200.0],[0.0,147.7592250072517],[-73.87961250362589,0.0],[-36.93980625181297,-36.93980625181297],[-52.2407749927483,21.63883751087755],[-52.24077499274827,-52.24077499274827],[-89.18058124456122,58.57864376269049],[0.0,73.87961250362582],[-15.300968740935389,-15.300968740935389],[0.0,-73.87961250362589],[-95.51845001450339,-95.51845001450339],[-126.12038749637415,-126.12038749637415],[-52.24077499274827,-199.99999999999994],[-156.72232497824487,-156.72232497824487],[36.93980625181291,36.93980625181291],[73.87961250362582,0.0],[110.81941875543879,110.81941875543879],[73.87961250362582,-200.0],[73.87961250362582,-147.7592250072517],[-200.0,-200.0],[58.57864376269049,-89.18058124456122],[73.87961250362582,147.7592250072517],[126.12038749637418,200.0],[126.12038749637418,126.12038749637418],[95.5184500145034,-200.0],[21.63883751087755,-52.2407749927483],[110.81941875543879,-36.93980625181291],[147.7592250072517,73.87961250362582],[95.5184500145034,-126.12038749637419],[163.0601937481871,163.0601937481871],[200.0,126.12038749637418],[200.0,200.0],[147.7592250072517,0.0],[147.7592250072517,-73.87961250362585],[200.0,-52.24077499274827],[200.0,-200.0],[147.7592250072517,-178.36116248912245],[147.7592250072517,-147.7592250072517],[132.45825626631637,-163.06019374818703]],"edges_vertices":[[0,1],[0,2],[0,3],[0,4],[5,6],[5,7],[5,8],[5,9],[1,10],[1,6],[1,11],[1,4],[1,12],[13,14],[13,15],[13,16],[13,8],[2,3],[2,7],[2,4],[10,17],[10,12],[10,18],[14,16],[14,19],[14,20],[21,22],[21,16],[21,23],[21,8],[3,6],[3,7],[6,17],[22,23],[22,24],[22,8],[25,26],[25,19],[25,18],[25,27],[17,15],[17,8],[15,19],[15,18],[16,23],[16,8],[16,20],[23,28],[23,29],[23,24],[23,30],[23,20],[23,31],[11,32],[11,33],[11,4],[11,12],[32,34],[32,33],[32,12],[32,18],[32,27],[28,29],[28,35],[26,36],[26,37],[26,38],[29,39],[29,35],[24,8],[24,30],[19,36],[34,33],[34,40],[34,27],[34,41],[34,38],[33,40],[33,42],[7,9],[7,4],[8,9],[8,30],[20,36],[36,31],[40,42],[40,41],[27,38],[37,31],[37,43],[37,44],[31,39],[45,46],[45,41],[45,38],[45,43],[45,44],[46,35],[46,47],[46,44],[46,48],[42,41],[41,38],[39,44],[39,49],[35,47],[35,49],[47,48],[47,49],[38,43],[43,44],[44,48],[48,49]],"edges_assignment":["F","F","F","F","F","F","F","F","F","F","F","F","F","F","F","F","F","F","F","F","F","F","F","F","F","F","F","F","F","F","F","F","F","F","F","F","F","F","F","F","F","F","F","F","F","F","F","F","F","F","F","F","F","F","F","F","F","F","F","F","F","F","F","F","F","F","F","F","F","F","F","F","F","F","F","F","F","F","F","F","F","F","F","F","F","F","F","F","F","F","F","F","F","F","F","F","F","F","F","F","F","F","F","F","F","F","F","F","F","F","F","F","F"],"edges_foldAngle":[0.0,0.0,0.0,0.0,0.0,0.0,0.0,0.0,0.0,0.0,0.0,0.0,0.0,0.0,0.0,0.0,0.0,0.0,0.0,0.0,0.0,0.0,0.0,0.0,0.0,0.0,0.0,0.0,0.0,0.0,0.0,0.0,0.0,0.0,0.0,0.0,0.0,0.0,0.0,0.0,0.0,0.0,0.0,0.0,0.0,0.0,0.0,0.0,0.0,0.0,0.0,0.0,0.0,0.0,0.0,0.0,0.0,0.0,0.0,0.0,0.0,0.0,0.0,0.0,0.0,0.0,0.0,0.0,0.0,0.0,0.0,0.0,0.0,0.0,0.0,0.0,0.0,0.0,0.0,0.0,0.0,0.0,0.0,0.0,0.0,0.0,0.0,0.0,0.0,0.0,0.0,0.0,0.0,0.0,0.0,0.0,0.0,0.0,0.0,0.0,0.0,0.0,0.0,0.0,0.0,0.0,0.0,0.0,0.0,0.0,0.0,0.0,0.0],"faces_vertices":[[0,1,6,3],[0,4,1],[0,2,4],[0,3,2],[5,6,17,8],[3,6,5,7],[5,9,7],[5,8,9],[1,10,17,6],[1,12,10],[1,11,12],[1,4,11],[13,14,16],[13,15,19,14],[8,17,15,13],[8,13,16],[2,3,7],[2,7,4],[10,18,15,17],[10,12,32,18],[14,20,16],[14,19,36,20],[8,21,22],[21,23,22],[16,23,21],[8,16,21],[22,23,24],[8,22,24],[19,25,26,36],[25,27,38,26],[15,18,25,19],[18,32,27,25],[16,20,23],[23,29,28],[23,31,39,29],[23,30,24],[20,36,31,23],[11,32,12],[11,33,32],[27,32,34],[32,33,34],[28,29,35],[26,37,31,36],[26,38,43,37],[29,39,49,35],[8,24,30],[33,40,34],[34,40,41],[27,34,38],[34,41,38],[33,42,40],[40,42,41],[31,37,44,39],[37,43,44],[44,45,46],[38,41,45],[38,45,43],[43,45,44],[35,47,46],[46,47,48],[44,46,48],[39,44,48,49],[35,49,47],[47,49,48]],"faces_edges":[[2,0,9,30],[0,3,11],[3,1,19],[1,2,17],[6,4,32,41],[31,30,4,5],[5,7,79],[7,6,81],[9,8,20,32],[8,12,21],[12,10,56],[10,11,55],[15,13,23],[13,14,42,24],[16,41,40,14],[45,16,15],[18,17,31],[19,18,80],[20,22,43,40],[22,21,59,60],[23,25,46],[25,24,71,83],[35,29,26],[26,28,33],[27,44,28],[29,45,27],[34,33,49],[69,35,34],[71,37,36,64],[36,39,87,66],[42,43,38,37],[38,60,61,39],[44,46,51],[47,48,62],[48,52,91,67],[49,50,70],[51,83,84,52],[56,53,59],[53,54,58],[74,61,57],[57,58,72],[63,62,68],[64,65,88,84],[65,66,109,89],[68,67,104,106],[82,69,70],[72,77,73],[75,73,86],[87,74,76],[76,75,102],[77,78,85],[86,85,101],[91,88,90,103],[90,89,110],[99,96,92],[94,102,93],[109,94,95],[110,95,96],[97,105,98],[100,98,107],[111,99,100],[104,103,111,112],[105,106,108],[107,108,112]],"oriedita:version":"1.1.3"}